{
  "ogmoVersion": "3.3.0",
  "width": 744,
  "height": 824,
  "offsetX": 0,
  "offsetY": 0,
  "layers": [
    {
      "name": "entities",
      "_eid": "04700215",
      "offsetX": 0,
      "offsetY": 0,
      "gridCellWidth": 8,
      "gridCellHeight": 8,
      "gridCellsX": 93,
      "gridCellsY": 103,
      "entities": [
        {
          "name": "Player",
          "id": 4,
          "_eid": "04718852",
          "x": 16,
          "y": 720,
          "originX": 0,
          "originY": 0,
          "values": {"type": "Player"}
        },
        {
          "name": "Platform",
          "id": 5,
          "_eid": "07493618",
          "x": 16,
          "y": 800,
          "width": 368,
          "height": 16,
          "originX": 0,
          "originY": 0,
          "values": {"type": ""}
        },
        {
          "name": "Platform",
          "id": 6,
          "_eid": "07493618",
          "x": 168,
          "y": 672,
          "width": 136,
          "height": 96,
          "originX": 0,
          "originY": 0,
          "values": {"type": ""}
        },
        {
          "name": "Platform",
          "id": 7,
          "_eid": "07493618",
          "x": 424,
          "y": 672,
          "width": 128,
          "height": 16,
          "originX": 0,
          "originY": 0,
          "values": {"type": ""}
        },
        {
          "name": "Platform",
          "id": 8,
          "_eid": "07493618",
          "x": 592,
          "y": 528,
          "width": 128,
          "height": 16,
          "originX": 0,
          "originY": 0,
          "values": {"type": ""}
        },
        {
          "name": "Platform",
          "id": 9,
          "_eid": "07493618",
          "x": 184,
          "y": 600,
          "width": 296,
          "height": 24,
          "originX": 0,
          "originY": 0,
          "values": {"type": ""}
        },
        {
          "name": "Platform",
          "id": 10,
          "_eid": "07493618",
          "x": 488,
          "y": 280,
          "width": 144,
          "height": 64,
          "originX": 0,
          "originY": 0,
          "values": {"type": ""}
        },
        {
          "name": "Platform",
          "id": 11,
          "_eid": "07493618",
          "x": 24,
          "y": 256,
          "width": 168,
          "height": 72,
          "originX": 0,
          "originY": 0,
          "values": {"type": ""}
        },
        {
          "name": "Platform",
          "id": 12,
          "_eid": "07493618",
          "x": 288,
          "y": 152,
          "width": 216,
          "height": 16,
          "originX": 0,
          "originY": 0,
          "values": {"type": ""}
        }
      ]
    }
  ]
}