{
  "ogmoVersion": "3.3.0",
  "width": 1008,
  "height": 848,
  "offsetX": 0,
  "offsetY": 0,
  "layers": [
    {
      "name": "entities",
      "_eid": "04700215",
      "offsetX": 0,
      "offsetY": 0,
      "gridCellWidth": 8,
      "gridCellHeight": 8,
      "gridCellsX": 126,
      "gridCellsY": 106,
      "entities": [
        {
          "name": "Platform",
          "id": 1,
          "_eid": "07493618",
          "x": 48,
          "y": 736,
          "width": 296,
          "height": 104,
          "originX": 0,
          "originY": 0,
          "values": {"type": ""}
        },
        {
          "name": "Platform",
          "id": 2,
          "_eid": "07493618",
          "x": 784,
          "y": 440,
          "width": 128,
          "height": 16,
          "originX": 0,
          "originY": 0,
          "values": {"type": ""}
        },
        {
          "name": "Platform",
          "id": 3,
          "_eid": "07493618",
          "x": 360,
          "y": 592,
          "width": 128,
          "height": 16,
          "originX": 0,
          "originY": 0,
          "values": {"type": ""}
        },
        {
          "name": "Platform",
          "id": 4,
          "_eid": "07493618",
          "x": 584,
          "y": 408,
          "width": 128,
          "height": 16,
          "originX": 0,
          "originY": 0,
          "values": {"type": ""}
        },
        {
          "name": "Platform",
          "id": 5,
          "_eid": "07493618",
          "x": 336,
          "y": 488,
          "width": 128,
          "height": 16,
          "originX": 0,
          "originY": 0,
          "values": {"type": ""}
        },
        {
          "name": "Platform",
          "id": 6,
          "_eid": "07493618",
          "x": 128,
          "y": 256,
          "width": 128,
          "height": 16,
          "originX": 0,
          "originY": 0,
          "values": {"type": ""}
        },
        {
          "name": "Platform",
          "id": 7,
          "_eid": "07493618",
          "x": 560,
          "y": 192,
          "width": 128,
          "height": 16,
          "originX": 0,
          "originY": 0,
          "values": {"type": ""}
        },
        {
          "name": "Player",
          "id": 9,
          "_eid": "04718852",
          "x": 128,
          "y": 464,
          "originX": 0,
          "originY": 0,
          "values": {"type": "Player"}
        }
      ]
    }
  ]
}